<xml xmlns:o="urn:schemas-microsoft-com:office:office">
 <o:MainFile HRef="../ArgoUMLIssuesWeekly.htm"/>
 <o:File HRef="stylesheet.css"/>
 <o:File HRef="tabstrip.htm"/>
 <o:File HRef="chart001.htm"/>
 <o:File HRef="image001.gif"/>
 <o:File HRef="chart002.htm"/>
 <o:File HRef="image002.gif"/>
 <o:File HRef="chart003.htm"/>
 <o:File HRef="image003.gif"/>
 <o:File HRef="sheet001.htm"/>
 <o:File HRef="sheet002.htm"/>
 <o:File HRef="sheet003.htm"/>
 <o:File HRef="sheet004.htm"/>
 <o:File HRef="sheet005.htm"/>
 <o:File HRef="filelist.xml"/>
</xml>