<?xml version="1.0" encoding="UTF-8"?>
<!DOCTYPE module PUBLIC "-//Puppy Crawl//DTD Check Configuration 1.3//EN" "http://www.puppycrawl.com/dtds/configuration_1_3.dtd">

<!--
    This configuration file was written by the eclipse-cs plugin configuration editor
-->
<!--
    Checkstyle-Configuration: ArgoUML conventions
    Description: 
The Checkstyle configuration used in the ArgoUML project.
-->
<module name="Checker">
  <property name="severity" value="warning"/>
  <module name="TreeWalker">
    <module name="FileContentsHolder"/>
    <module name="ConstantName"/>
    <module name="DoubleCheckedLocking"/>
    <module name="EmptyBlock">
      <property name="option" value="text"/>
      <property name="tokens" value="LITERAL_DO,LITERAL_ELSE,LITERAL_FINALLY,LITERAL_IF,LITERAL_TRY,LITERAL_WHILE,STATIC_INIT"/>
    </module>
    <module name="EqualsHashCode"/>
    <module name="HiddenField"/>
    <module name="IllegalImport">
      <property name="severity" value="error"/>
    </module>
    <module name="IllegalInstantiation">
      <property name="severity" value="error"/>
    </module>
    <module name="Indentation">
      <property name="caseIndent" value="0"/>
    </module>
    <module name="InnerAssignment"/>
    <module name="JavadocType">
      <property name="scope" value="protected"/>
    </module>
    <module name="JavadocMethod">
      <property name="scope" value="protected"/>
      <property name="allowUndeclaredRTE" value="true"/>
      <property name="allowMissingJavadoc" value="true"/>
      <property name="logLoadErrors" value="true"/>
      <property name="suppressLoadErrors" value="true"/>
    </module>
    <module name="JavadocVariable">
      <property name="scope" value="protected"/>
    </module>
    <module name="LineLength">
      <property name="ignorePattern" value="^( *\* @see |import |/[/*] \$Id:)"/>
    </module>
    <module name="LocalFinalVariableName"/>
    <module name="LocalVariableName"/>
    <module name="MemberName">
      <property name="format" value="^[a-z][a-zA-Z0-9]*$|^LOG$"/>
    </module>
    <module name="MethodLength"/>
    <module name="MethodName"/>
    <module name="NeedBraces"/>
    <module name="ModifierOrder"/>
    <module name="NoWhitespaceAfter"/>
    <module name="NoWhitespaceBefore"/>
    <module name="NoWhitespaceBefore">
      <property name="allowLineBreaks" value="true"/>
      <property name="tokens" value="DOT"/>
    </module>
    <module name="OperatorWrap"/>
    <module name="PackageName"/>
    <module name="ParameterName"/>
    <module name="ParameterNumber"/>
    <module name="RedundantImport"/>
    <module name="SimplifyBooleanExpression"/>
    <module name="SimplifyBooleanReturn"/>
    <module name="StaticVariableName"/>
    <module name="TypeName"/>
    <module name="UnusedImports"/>
    <module name="UpperEll"/>
    <module name="VisibilityModifier">
      <property name="publicMemberPattern" value="^$"/>
    </module>
    <module name="WhitespaceAfter"/>
    <module name="WhitespaceAround">
      <property name="tokens" value="ASSIGN, BAND, BAND_ASSIGN, BOR, BOR_ASSIGN, BSR, BSR_ASSIGN, BXOR, BXOR_ASSIGN, COLON, DIV, DIV_ASSIGN, EQUAL, GE, GT, LAND, LCURLY, LE, LITERAL_ASSERT, LITERAL_CATCH, LITERAL_DO, LITERAL_ELSE, LITERAL_FINALLY, LITERAL_FOR, LITERAL_IF, LITERAL_RETURN, LITERAL_SYNCHRONIZED, LITERAL_TRY, LITERAL_WHILE, LOR, LT, MINUS, MINUS_ASSIGN, MOD, MOD_ASSIGN, NOT_EQUAL, PLUS, PLUS_ASSIGN, QUESTION, RCURLY, SL, SLIST, SL_ASSIGN, SR, SR_ASSIGN, STAR, STAR_ASSIGN"/>
    </module>
  </module>
  <module name="Translation"/>
  <module name="FileLength"/>
  <module name="SuppressionCommentFilter"/>
</module>
