<project xmlns="http://maven.apache.org/POM/4.0.0" xmlns:xsi="http://www.w3.org/2001/XMLSchema-instance"
	xsi:schemaLocation="http://maven.apache.org/POM/4.0.0
                      http://maven.apache.org/xsd/maven-4.0.0.xsd">
	<modelVersion>4.0.0</modelVersion>

	<!-- Experimenting with maven for the nightly build. -->
        <prerequisites>
          <maven>2.0.6</maven>
        </prerequisites>

	<parent>
		<groupId>org.sonatype.oss</groupId>
		<artifactId>oss-parent</artifactId>
		<version>7</version>
		<relativePath/>
	</parent>


	<groupId>org.argouml</groupId>
	<artifactId>parentpom</artifactId>
	<!-- As of 2011-05-29 Linus Tolke has not figured out how this pom can be 
		included in the automatic updates of the version number. Until that is resolved 
		references to this pom need to updated manually when this changes and no 
		snapshot versions are possible. -->
	<version>0.35.4</version>
	<packaging>pom</packaging>
	<name>parentpom</name>
	<description>
The ArgoUML project contains separate projects for plugins.
This is the pom, the parentpom, or the ArgoUML super pom 
that contains the common parts of all ArgoUML projects.
  </description>

	<dependencies>
		<dependency>
			<groupId>junit</groupId>
			<artifactId>junit</artifactId>
			<version>4.8.2</version>
			<type>jar</type>
			<scope>test</scope>
			<optional>true</optional>
		</dependency>
	</dependencies>

	<properties>
		<project.build.sourceEncoding>ISO-8859-1</project.build.sourceEncoding>
		<compileSource>1.6</compileSource>
	</properties>

	<!-- Build Settings -->
	<build>
		<sourceDirectory>${project.basedir}/src</sourceDirectory>
		<testSourceDirectory>${project.basedir}/tests</testSourceDirectory>
		<resources>
			<resource>
				<directory>${project.basedir}/src</directory>
			</resource>
		</resources>
		<testResources>
			<testResource>
				<directory>${project.basedir}/tests</directory>
			</testResource>
		</testResources>

		<plugins>
			<plugin>
				<artifactId>maven-compiler-plugin</artifactId>
				<version>2.3.1</version>
				<configuration>
					<source>${compileSource}</source>
					<target>${compileSource}</target>
					<showDeprecation>true</showDeprecation>
					<showWarnings>true</showWarnings>
				</configuration>
			</plugin>

			<plugin>
				<groupId>org.apache.maven.plugins</groupId>
				<artifactId>maven-surefire-plugin</artifactId>
				<version>2.8.1</version>
				<configuration>
					<forkMode>always</forkMode>
					<!-- systemPropertyValues does not work. Wrong version of maven? -->
					<systemProperties>
						<property>
							<name>test.model.uml</name>
							<value>../argouml-core-model-mdr/src/org/argouml/model/mdr/mof/01-02-15.xml</value>
						</property>
						<property>
							<name>java.awt.headless</name>
							<value>true</value>
						</property>
						<property>
							<name>log4j.configuration</name>
							<value>org/argouml/resource/default_console.lcf</value>
						</property>
					</systemProperties>
				</configuration>
			</plugin>

			<plugin>
				<groupId>org.apache.maven.plugins</groupId>
				<artifactId>maven-source-plugin</artifactId>
				<version>2.2.1</version>
				<executions>
					<execution>
						<goals>
							<goal>jar</goal>
							<goal>test-jar</goal>
						</goals>
					</execution>
				</executions>
			</plugin>


			<plugin>
				<!-- The reason for having multiple copies of
	                             the checkstyle configuration is that the
                                     solution to the Maven bug MSITE-443
				     http://jira.codehaus.org/browse/MSITE-443
				     doesn't work in Maven 3.0.4.
	                             Linus Tolke 2012-12-27.
				-->
				<groupId>org.apache.maven.plugins</groupId>
				<artifactId>maven-checkstyle-plugin</artifactId>
				<version>2.9.1</version>
				<configuration>
					<configLocation>checkstyle/checkstyle5_argouml.xml</configLocation>
				</configuration>
				<dependencies>
					<dependency>
						<groupId>org.argouml</groupId>
						<artifactId>tools</artifactId>
						<version>0.2</version>
					</dependency>
				</dependencies>
			</plugin>

			<plugin>
				<groupId>org.apache.maven.plugins</groupId>
				<artifactId>maven-assembly-plugin</artifactId>
				<version>2.2-beta-2</version>
			</plugin>

			<plugin>
				<groupId>org.codehaus.mojo</groupId>
				<artifactId>exec-maven-plugin</artifactId>
				<version>1.2.1</version>
				<configuration>
					<mainClass>org.argouml.application.Main</mainClass>
				</configuration>
			</plugin>

      <plugin>
        <groupId>org.apache.maven.plugins</groupId>
        <artifactId>maven-dependency-plugin</artifactId>
        <version>2.4</version>
        <executions>
          <execution>
            <id>unpack-testmodels</id>
            <phase>process-test-resources</phase>
            <goals>
              <goal>unpack</goal>
            </goals>
            <configuration>
              <artifactItems>
                <artifactItem>
                  <groupId>org.argouml</groupId>
                  <artifactId>testmodels</artifactId>
                  <version>0.35.1</version>
                  <type>jar</type>
                  <overWrite>false</overWrite>
                  <outputDirectory>${project.build.directory}/test-classes</outputDirectory>
                </artifactItem>
              </artifactItems>
            </configuration>
          </execution>
        </executions>
      </plugin>

      <plugin>
        <groupId>org.apache.maven.plugins</groupId>
        <artifactId>maven-enforcer-plugin</artifactId>
        <version>1.1</version>
        <configuration>
          <rules>
            <requirePluginVersions/>
          </rules>
        </configuration>
      </plugin>

      <plugin>
        <artifactId>maven-clean-plugin</artifactId>
        <version>2.3</version>
      </plugin>
      <plugin>
        <artifactId>maven-deploy-plugin</artifactId>
        <version>2.7</version>
      </plugin>
      <plugin>
        <artifactId>maven-install-plugin</artifactId>
        <version>2.3.1</version>
      </plugin>
      <plugin>
        <artifactId>maven-site-plugin</artifactId>
        <version>3.1</version>
      </plugin>
      <plugin>
        <artifactId>maven-resources-plugin</artifactId>
        <version>2.3</version>
      </plugin>
      <plugin>
        <artifactId>maven-jar-plugin</artifactId>
        <version>2.4</version>
      </plugin>
      <plugin>
        <artifactId>maven-project-info-reports-plugin</artifactId>
        <version>2.1</version>
      </plugin>

			<plugin>
				<!-- The reason for having multiple copies of
	                             the pmd configuration is that the solution
				     to the Maven bug MSITE-443
				     http://jira.codehaus.org/browse/MSITE-443
				     doesn't work in Maven 3.0.4.
	                             Linus Tolke 2012-12-27.
				-->
				<groupId>org.apache.maven.plugins</groupId>
				<artifactId>maven-pmd-plugin</artifactId>
				<version>2.7.1</version>
				<configuration>
					<linkXref>true</linkXref>
					<sourceEncoding>utf-8</sourceEncoding>
					<minimumTokens>100</minimumTokens>
					<targetJdk>${compileSource}</targetJdk>
					<excludeRoots>
						<excludeRoot>src_generated</excludeRoot>
					</excludeRoots>
				</configuration>
			</plugin>
		</plugins>


	</build>

	<reporting>
		<plugins>
			<plugin>
				<!-- The reason for having multiple copies of
	                             the checkstyle configuration is that the
                                     solution to the Maven bug MSITE-443
				     http://jira.codehaus.org/browse/MSITE-443
				     doesn't work in Maven 3.0.4.
	                             Linus Tolke 2012-12-27.
				-->
				<groupId>org.apache.maven.plugins</groupId>
				<artifactId>maven-checkstyle-plugin</artifactId>
				<version>2.9.1</version>
				<configuration>
					<configLocation>checkstyle/checkstyle5_argouml.xml</configLocation>
				</configuration>
			</plugin>

			<plugin>
				<groupId>org.codehaus.mojo</groupId>
				<artifactId>findbugs-maven-plugin</artifactId>
				<version>2.3.1</version>
				<configuration>
					<timeout>18000000</timeout>
				</configuration>
			</plugin>

			<plugin>
				<groupId>org.codehaus.mojo</groupId>
				<artifactId>cobertura-maven-plugin</artifactId>
				<version>2.4</version>
			</plugin>

			<plugin>
				<groupId>org.codehaus.mojo</groupId>
				<artifactId>jdepend-maven-plugin</artifactId>
				<version>2.0-beta-2</version>
			</plugin>

			<plugin>
				<!-- The reason for having multiple copies of
	                             the pmd configuration is that the solution
				     to the Maven bug MSITE-443
				     http://jira.codehaus.org/browse/MSITE-443
				     doesn't work in Maven 3.0.4.
	                             Linus Tolke 2012-12-27.
				-->
				<groupId>org.apache.maven.plugins</groupId>
				<artifactId>maven-pmd-plugin</artifactId>
				<version>2.7.1</version>
				<configuration>
					<linkXref>true</linkXref>
					<sourceEncoding>utf-8</sourceEncoding>
					<minimumTokens>100</minimumTokens>
					<targetJdk>${compileSource}</targetJdk>
					<excludeRoots>
						<excludeRoot>src_generated</excludeRoot>
					</excludeRoots>
				</configuration>
			</plugin>

		</plugins>
	</reporting>

	<!-- Environment Settings -->
	<issueManagement>
		<system>Issuezilla</system>
		<url>http://argouml.tigris.org/project_bugs.html</url>
	</issueManagement>

	<ciManagement>
		<system>Jenkins</system>
		<url>http://argouml-jenkins1.dyndns.org:8080/</url>
	</ciManagement>


	<repositories>
		<repository>
			<id>argouml</id>
			<name>ArgoUML Release Repository</name>
			<layout>default</layout>
			<url>http://argouml-downloads.tigris.org/maven2</url>
			<snapshots>
				<enabled>false</enabled>
			</snapshots>
		</repository>
	</repositories>

</project>
