<project xmlns="http://maven.apache.org/POM/4.0.0"
  xmlns:xsi="http://www.w3.org/2001/XMLSchema-instance"
  xsi:schemaLocation="http://maven.apache.org/POM/4.0.0
                      http://maven.apache.org/xsd/maven-4.0.0.xsd">
  <modelVersion>4.0.0</modelVersion>

  <!-- 
    Experimenting with maven for the nightly build.
  -->

  <groupId>org.argouml</groupId>
  <artifactId>allArgoUMLProjects</artifactId>
  <version>0.35.2</version>
  <packaging>pom</packaging>

  <modules>
    <module>..</module>
    <module>../..</module>
    <module>../test-with-model</module>
    <module>../../../argouml-actionscript3</module>
    <module>../../../argouml-java</module>
    <module>../../../argouml-cpp</module>
    <module>../../../argouml-csharp</module>
  </modules>
  
  <name>argouml-all</name>
  <description>
The ArgoUML project contains separate projects for plugins.
This project is the virtual project that includes them all.
  </description>
</project>
